frame.number,frame.time,frame.time_relative,frame.time_delta,ip.src,ip.dst,ip.proto,frame.len,frame.protocols,data.len
"1","May 24, 2022 22:40:30.319292700 PDT","0.000000000","0.000000000","172.17.0.2","142.250.72.227","17","144","eth:ethertype:ip:udp:data","102"
"2","May 24, 2022 22:40:30.333054100 PDT","0.013761400","0.013761400","172.17.0.2","74.125.170.56","6","66","eth:ethertype:ip:tcp",
"3","May 24, 2022 22:40:30.343723100 PDT","0.024430400","0.010669000","172.17.0.2","172.217.14.86","17","119","eth:ethertype:ip:udp:data","77"
"4","May 24, 2022 22:40:30.345184400 PDT","0.025891700","0.001461300","172.17.0.2","142.251.40.33","17","1292","eth:ethertype:ip:udp:data","1250"
"5","May 24, 2022 22:40:30.345785000 PDT","0.026492300","0.000600600","172.17.0.2","142.250.72.238","17","1065","eth:ethertype:ip:udp:data","1023"
"6","May 24, 2022 22:40:30.346055600 PDT","0.026762900","0.000270600","172.17.0.2","142.250.72.238","17","483","eth:ethertype:ip:udp:data","441"
"7","May 24, 2022 22:40:30.346256300 PDT","0.026963600","0.000200700","172.17.0.2","142.250.72.238","17","819","eth:ethertype:ip:udp:data","777"
"8","May 24, 2022 22:40:30.356094700 PDT","0.036802000","0.009838400","142.250.72.227","172.17.0.2","17","187","eth:ethertype:ip:udp:data","145"
"9","May 24, 2022 22:40:30.356387500 PDT","0.037094800","0.000292800","172.17.0.2","142.250.72.227","17","77","eth:ethertype:ip:udp:data","35"
"10","May 24, 2022 22:40:30.357878300 PDT","0.038585600","0.001490800","142.250.72.227","172.17.0.2","17","1288","eth:ethertype:ip:udp:data","1246"
"11","May 24, 2022 22:40:30.357891000 PDT","0.038598300","0.000012700","142.250.72.227","172.17.0.2","17","1292","eth:ethertype:ip:udp:data","1250"
"12","May 24, 2022 22:40:30.357895000 PDT","0.038602300","0.000004000","142.250.72.227","172.17.0.2","17","1292","eth:ethertype:ip:udp:data","1250"
"13","May 24, 2022 22:40:30.357930500 PDT","0.038637800","0.000035500","142.250.72.227","172.17.0.2","17","1292","eth:ethertype:ip:udp:data","1250"
"14","May 24, 2022 22:40:30.357931600 PDT","0.038638900","0.000001100","142.250.72.227","172.17.0.2","17","1292","eth:ethertype:ip:udp:data","1250"
"15","May 24, 2022 22:40:30.357932600 PDT","0.038639900","0.000001000","142.250.72.227","172.17.0.2","17","1292","eth:ethertype:ip:udp:data","1250"
"16","May 24, 2022 22:40:30.357944100 PDT","0.038651400","0.000011500","142.250.72.227","172.17.0.2","17","1292","eth:ethertype:ip:udp:data","1250"
"17","May 24, 2022 22:40:30.357945400 PDT","0.038652700","0.000001300","142.250.72.227","172.17.0.2","17","1292","eth:ethertype:ip:udp:data","1250"
"18","May 24, 2022 22:40:30.357951100 PDT","0.038658400","0.000005700","142.250.72.227","172.17.0.2","17","1292","eth:ethertype:ip:udp:data","1250"
"19","May 24, 2022 22:40:30.358006600 PDT","0.038713900","0.000055500","142.250.72.227","172.17.0.2","17","1292","eth:ethertype:ip:udp:data","1250"
"20","May 24, 2022 22:40:30.358028300 PDT","0.038735600","0.000021700","142.250.72.227","172.17.0.2","17","1292","eth:ethertype:ip:udp:data","1250"
"21","May 24, 2022 22:40:30.358098500 PDT","0.038805800","0.000070200","142.250.72.227","172.17.0.2","17","1292","eth:ethertype:ip:udp:data","1250"
"22","May 24, 2022 22:40:30.358099300 PDT","0.038806600","0.000000800","142.250.72.227","172.17.0.2","17","1207","eth:ethertype:ip:udp:data","1165"
"23","May 24, 2022 22:40:30.358149600 PDT","0.038856900","0.000050300","172.17.0.2","142.250.72.227","17","75","eth:ethertype:ip:udp:data","33"
"24","May 24, 2022 22:40:30.358225100 PDT","0.038932400","0.000075500","172.17.0.2","142.250.72.227","17","75","eth:ethertype:ip:udp:data","33"
"25","May 24, 2022 22:40:30.358283100 PDT","0.038990400","0.000058000","172.17.0.2","142.250.72.227","17","75","eth:ethertype:ip:udp:data","33"
"26","May 24, 2022 22:40:30.358355700 PDT","0.039063000","0.000072600","172.17.0.2","142.250.72.227","17","75","eth:ethertype:ip:udp:data","33"
"27","May 24, 2022 22:40:30.358420500 PDT","0.039127800","0.000064800","172.17.0.2","142.250.72.227","17","75","eth:ethertype:ip:udp:data","33"
"28","May 24, 2022 22:40:30.358463300 PDT","0.039170600","0.000042800","172.17.0.2","142.250.72.227","17","75","eth:ethertype:ip:udp:data","33"
"29","May 24, 2022 22:40:30.359317000 PDT","0.040024300","0.000853700","172.17.0.2","172.217.14.86","17","205","eth:ethertype:ip:udp:data","163"
"30","May 24, 2022 22:40:30.366077200 PDT","0.046784500","0.006760200","142.250.72.238","172.17.0.2","17","71","eth:ethertype:ip:udp:data","29"
"31","May 24, 2022 22:40:30.366338100 PDT","0.047045400","0.000260900","142.250.72.238","172.17.0.2","17","68","eth:ethertype:ip:udp:data","26"
"32","May 24, 2022 22:40:30.366339100 PDT","0.047046400","0.000001000","142.250.72.238","172.17.0.2","17","68","eth:ethertype:ip:udp:data","26"
"33","May 24, 2022 22:40:30.366567900 PDT","0.047275200","0.000228800","142.250.72.238","172.17.0.2","17","71","eth:ethertype:ip:udp:data","29"
"34","May 24, 2022 22:40:30.371219700 PDT","0.051927000","0.004651800","172.17.0.2","142.250.72.238","17","75","eth:ethertype:ip:udp:data","33"
"35","May 24, 2022 22:40:30.371493400 PDT","0.052200700","0.000273700","172.17.0.2","142.250.72.238","17","1071","eth:ethertype:ip:udp:data","1029"
"36","May 24, 2022 22:40:30.383818300 PDT","0.064525600","0.012324900","172.17.0.2","142.250.72.227","17","75","eth:ethertype:ip:udp:data","33"
"37","May 24, 2022 22:40:30.388410400 PDT","0.069117700","0.004592100","172.17.0.2","142.251.40.33","17","240","eth:ethertype:ip:udp:data","198"
"38","May 24, 2022 22:40:30.410031000 PDT","0.090738300","0.021620600","142.251.40.33","172.17.0.2","17","1292","eth:ethertype:ip:udp:data","1250"
"39","May 24, 2022 22:40:30.411709900 PDT","0.092417200","0.001678900","172.17.0.2","142.251.40.33","17","1292","eth:ethertype:ip:udp:data","1250"
"40","May 24, 2022 22:40:30.413049100 PDT","0.093756400","0.001339200","172.217.14.86","172.17.0.2","17","69","eth:ethertype:ip:udp:data","27"
"41","May 24, 2022 22:40:30.413107400 PDT","0.093814700","0.000058300","142.251.40.33","172.17.0.2","17","1292","eth:ethertype:ip:udp:data","1250"
"42","May 24, 2022 22:40:30.413108900 PDT","0.093816200","0.000001500","142.251.40.33","172.17.0.2","17","1292","eth:ethertype:ip:udp:data","1250"
"43","May 24, 2022 22:40:30.413120500 PDT","0.093827800","0.000011600","142.250.72.238","172.17.0.2","17","71","eth:ethertype:ip:udp:data","29"
"44","May 24, 2022 22:40:30.413121500 PDT","0.093828800","0.000001000","142.250.72.238","172.17.0.2","17","113","eth:ethertype:ip:udp:data","71"
"45","May 24, 2022 22:40:30.413122200 PDT","0.093829500","0.000000700","142.250.72.238","172.17.0.2","17","68","eth:ethertype:ip:udp:data","26"
"46","May 24, 2022 22:40:30.413122900 PDT","0.093830200","0.000000700","142.250.72.238","172.17.0.2","17","242","eth:ethertype:ip:udp:data","200"
"47","May 24, 2022 22:40:30.413162200 PDT","0.093869500","0.000039300","142.250.72.238","172.17.0.2","17","68","eth:ethertype:ip:udp:data","26"
"48","May 24, 2022 22:40:30.413164900 PDT","0.093872200","0.000002700","172.217.14.86","172.17.0.2","17","69","eth:ethertype:ip:udp:data","27"
"49","May 24, 2022 22:40:30.413166000 PDT","0.093873300","0.000001100","172.217.14.86","172.17.0.2","17","1288","eth:ethertype:ip:udp:data","1246"
"50","May 24, 2022 22:40:30.413276800 PDT","0.093984100","0.000110800","172.217.14.86","172.17.0.2","17","1292","eth:ethertype:ip:udp:data","1250"
"51","May 24, 2022 22:40:30.413277700 PDT","0.093985000","0.000000900","172.217.14.86","172.17.0.2","17","1292","eth:ethertype:ip:udp:data","1250"
"52","May 24, 2022 22:40:30.413282800 PDT","0.093990100","0.000005100","172.217.14.86","172.17.0.2","17","1292","eth:ethertype:ip:udp:data","1250"
"53","May 24, 2022 22:40:30.413302400 PDT","0.094009700","0.000019600","172.17.0.2","172.217.14.86","17","75","eth:ethertype:ip:udp:data","33"
"54","May 24, 2022 22:40:30.413336600 PDT","0.094043900","0.000034200","172.217.14.86","172.17.0.2","17","1292","eth:ethertype:ip:udp:data","1250"
"55","May 24, 2022 22:40:30.413337900 PDT","0.094045200","0.000001300","172.217.14.86","172.17.0.2","17","719","eth:ethertype:ip:udp:data","677"
"56","May 24, 2022 22:40:30.413443300 PDT","0.094150600","0.000105400","172.17.0.2","172.217.14.86","17","77","eth:ethertype:ip:udp:data","35"
"57","May 24, 2022 22:40:30.413502000 PDT","0.094209300","0.000058700","142.250.72.238","172.17.0.2","17","121","eth:ethertype:ip:udp:data","79"
"58","May 24, 2022 22:40:30.413503100 PDT","0.094210400","0.000001100","142.250.72.238","172.17.0.2","17","68","eth:ethertype:ip:udp:data","26"
"59","May 24, 2022 22:40:30.413516800 PDT","0.094224100","0.000013700","172.17.0.2","172.217.14.86","17","75","eth:ethertype:ip:udp:data","33"
"60","May 24, 2022 22:40:30.413567500 PDT","0.094274800","0.000050700","172.17.0.2","172.217.14.86","17","75","eth:ethertype:ip:udp:data","33"
"61","May 24, 2022 22:40:30.413715600 PDT","0.094422900","0.000148100","172.17.0.2","142.251.40.33","17","83","eth:ethertype:ip:udp:data","41"
"62","May 24, 2022 22:40:30.413908400 PDT","0.094615700","0.000192800","172.17.0.2","142.250.72.238","17","78","eth:ethertype:ip:udp:data","36"
"63","May 24, 2022 22:40:30.414026400 PDT","0.094733700","0.000118000","172.17.0.2","142.250.72.238","17","78","eth:ethertype:ip:udp:data","36"
"64","May 24, 2022 22:40:30.414124500 PDT","0.094831800","0.000098100","172.17.0.2","142.250.72.238","17","78","eth:ethertype:ip:udp:data","36"
"65","May 24, 2022 22:40:30.417251400 PDT","0.097958700","0.003126900","142.250.72.227","172.17.0.2","17","68","eth:ethertype:ip:udp:data","26"
"66","May 24, 2022 22:40:30.418840600 PDT","0.099547900","0.001589200","172.17.0.2","142.250.72.238","17","75","eth:ethertype:ip:udp:data","33"
"67","May 24, 2022 22:40:30.422621800 PDT","0.103329100","0.003781200","142.250.72.238","172.17.0.2","17","134","eth:ethertype:ip:udp:data","92"
"68","May 24, 2022 22:40:30.422808600 PDT","0.103515900","0.000186800","172.17.0.2","142.250.72.238","17","78","eth:ethertype:ip:udp:data","36"
"69","May 24, 2022 22:40:30.422966800 PDT","0.103674100","0.000158200","142.250.72.238","172.17.0.2","17","68","eth:ethertype:ip:udp:data","26"
"70","May 24, 2022 22:40:30.424919000 PDT","0.105626300","0.001952200","142.250.72.227","172.17.0.2","17","1207","eth:ethertype:ip:udp:data","1165"
"71","May 24, 2022 22:40:30.425043700 PDT","0.105751000","0.000124700","172.17.0.2","142.250.72.227","17","75","eth:ethertype:ip:udp:data","33"
"72","May 24, 2022 22:40:30.428265000 PDT","0.108972300","0.003221300","172.17.0.2","142.250.72.238","17","75","eth:ethertype:ip:udp:data","33"
"73","May 24, 2022 22:40:30.438709400 PDT","0.119416700","0.010444400","172.17.0.2","172.217.14.86","17","75","eth:ethertype:ip:udp:data","33"
"74","May 24, 2022 22:40:30.440288000 PDT","0.120995300","0.001578600","142.250.72.238","172.17.0.2","17","68","eth:ethertype:ip:udp:data","26"
"75","May 24, 2022 22:40:30.451037000 PDT","0.131744300","0.010749000","142.251.40.33","172.17.0.2","17","1292","eth:ethertype:ip:udp:data","1250"
"76","May 24, 2022 22:40:30.451038100 PDT","0.131745400","0.000001100","142.251.40.33","172.17.0.2","17","641","eth:ethertype:ip:udp:data","599"
"77","May 24, 2022 22:40:30.451088100 PDT","0.131795400","0.000050000","142.250.72.238","172.17.0.2","17","68","eth:ethertype:ip:udp:data","26"
"78","May 24, 2022 22:40:30.451725300 PDT","0.132432600","0.000637200","172.17.0.2","142.251.40.33","17","205","eth:ethertype:ip:udp:data","163"
"79","May 24, 2022 22:40:30.451883000 PDT","0.132590300","0.000157700","172.17.0.2","142.251.40.33","17","462","eth:ethertype:ip:udp:data","420"
"80","May 24, 2022 22:40:30.461512900 PDT","0.142220200","0.009629900","142.251.40.33","172.17.0.2","17","71","eth:ethertype:ip:udp:data","29"
"81","May 24, 2022 22:40:30.461668400 PDT","0.142375700","0.000155500","172.17.0.2","142.251.40.33","17","75","eth:ethertype:ip:udp:data","33"
"82","May 24, 2022 22:40:30.461874800 PDT","0.142582100","0.000206400","142.251.40.33","172.17.0.2","17","328","eth:ethertype:ip:udp:data","286"
"83","May 24, 2022 22:40:30.462045300 PDT","0.142752600","0.000170500","172.17.0.2","142.251.40.33","17","79","eth:ethertype:ip:udp:data","37"
"84","May 24, 2022 22:40:30.465946300 PDT","0.146653600","0.003901000","172.17.0.2","142.251.40.33","17","116","eth:ethertype:ip:udp:data","74"
"85","May 24, 2022 22:40:30.487093700 PDT","0.167801000","0.021147400","142.251.40.33","172.17.0.2","17","665","eth:ethertype:ip:udp:data","623"
"86","May 24, 2022 22:40:30.487594600 PDT","0.168301900","0.000500900","172.217.14.86","172.17.0.2","17","67","eth:ethertype:ip:udp:data","25"
"87","May 24, 2022 22:40:30.487595300 PDT","0.168302600","0.000000700","142.251.40.33","172.17.0.2","17","135","eth:ethertype:ip:udp:data","93"
"88","May 24, 2022 22:40:30.487615300 PDT","0.168322600","0.000020000","142.251.40.33","172.17.0.2","17","67","eth:ethertype:ip:udp:data","25"
"89","May 24, 2022 22:40:30.487616200 PDT","0.168323500","0.000000900","142.251.40.33","172.17.0.2","17","67","eth:ethertype:ip:udp:data","25"
"90","May 24, 2022 22:40:30.487770800 PDT","0.168478100","0.000154600","172.17.0.2","142.251.40.33","17","75","eth:ethertype:ip:udp:data","33"
"91","May 24, 2022 22:40:30.489465700 PDT","0.170173000","0.001694900","142.251.40.33","172.17.0.2","17","1288","eth:ethertype:ip:udp:data","1246"
"92","May 24, 2022 22:40:30.489466600 PDT","0.170173900","0.000000900","142.251.40.33","172.17.0.2","17","1292","eth:ethertype:ip:udp:data","1250"
"93","May 24, 2022 22:40:30.489645700 PDT","0.170353000","0.000179100","172.17.0.2","142.251.40.33","17","77","eth:ethertype:ip:udp:data","35"
"94","May 24, 2022 22:40:30.491598300 PDT","0.172305600","0.001952600","142.251.40.33","172.17.0.2","17","67","eth:ethertype:ip:udp:data","25"
"95","May 24, 2022 22:40:30.491623300 PDT","0.172330600","0.000025000","172.217.14.86","172.17.0.2","17","720","eth:ethertype:ip:udp:data","678"
"96","May 24, 2022 22:40:30.491706100 PDT","0.172413400","0.000082800","172.17.0.2","142.251.40.33","17","75","eth:ethertype:ip:udp:data","33"
"97","May 24, 2022 22:40:30.491764500 PDT","0.172471800","0.000058400","172.17.0.2","172.217.14.86","17","75","eth:ethertype:ip:udp:data","33"
"98","May 24, 2022 22:40:30.515674000 PDT","0.196381300","0.023909500","172.217.14.86","172.17.0.2","17","1288","eth:ethertype:ip:udp:data","1246"
"99","May 24, 2022 22:40:30.515861100 PDT","0.196568400","0.000187100","172.217.14.86","172.17.0.2","17","1292","eth:ethertype:ip:udp:data","1250"
"100","May 24, 2022 22:40:30.515862000 PDT","0.196569300","0.000000900","172.217.14.86","172.17.0.2","17","1292","eth:ethertype:ip:udp:data","1250"
"101","May 24, 2022 22:40:30.515907500 PDT","0.196614800","0.000045500","172.17.0.2","172.217.14.86","17","79","eth:ethertype:ip:udp:data","37"
"102","May 24, 2022 22:40:30.515961200 PDT","0.196668500","0.000053700","172.17.0.2","172.217.14.86","17","75","eth:ethertype:ip:udp:data","33"
"103","May 24, 2022 22:40:30.515987300 PDT","0.196694600","0.000026100","172.17.0.2","172.217.14.86","17","75","eth:ethertype:ip:udp:data","33"
"104","May 24, 2022 22:40:30.519656800 PDT","0.200364100","0.003669500","172.217.14.86","172.17.0.2","17","1292","eth:ethertype:ip:udp:data","1250"
"105","May 24, 2022 22:40:30.519657700 PDT","0.200365000","0.000000900","172.217.14.86","172.17.0.2","17","1292","eth:ethertype:ip:udp:data","1250"
"106","May 24, 2022 22:40:30.519768200 PDT","0.200475500","0.000110500","172.17.0.2","172.217.14.86","17","75","eth:ethertype:ip:udp:data","33"
"107","May 24, 2022 22:40:30.520358000 PDT","0.201065300","0.000589800","172.217.14.86","172.17.0.2","17","1292","eth:ethertype:ip:udp:data","1250"
"108","May 24, 2022 22:40:30.520358900 PDT","0.201066200","0.000000900","172.217.14.86","172.17.0.2","17","1292","eth:ethertype:ip:udp:data","1250"
"109","May 24, 2022 22:40:30.520423400 PDT","0.201130700","0.000064500","172.17.0.2","172.217.14.86","17","75","eth:ethertype:ip:udp:data","33"
"110","May 24, 2022 22:40:30.523849600 PDT","0.204556900","0.003426200","172.217.14.86","172.17.0.2","17","798","eth:ethertype:ip:udp:data","756"
"111","May 24, 2022 22:40:30.524973300 PDT","0.205680600","0.001123700","142.251.40.33","172.17.0.2","17","69","eth:ethertype:ip:udp:data","27"
"112","May 24, 2022 22:40:30.526518400 PDT","0.207225700","0.001545100","142.251.40.33","172.17.0.2","17","1288","eth:ethertype:ip:udp:data","1246"
"113","May 24, 2022 22:40:30.526519400 PDT","0.207226700","0.000001000","142.251.40.33","172.17.0.2","17","1292","eth:ethertype:ip:udp:data","1250"
"114","May 24, 2022 22:40:30.526520000 PDT","0.207227300","0.000000600","142.251.40.33","172.17.0.2","17","1292","eth:ethertype:ip:udp:data","1250"
"115","May 24, 2022 22:40:30.526520600 PDT","0.207227900","0.000000600","142.251.40.33","172.17.0.2","17","884","eth:ethertype:ip:udp:data","842"
"116","May 24, 2022 22:40:30.526764700 PDT","0.207472000","0.000244100","172.17.0.2","142.251.40.33","17","77","eth:ethertype:ip:udp:data","35"
"117","May 24, 2022 22:40:30.526828600 PDT","0.207535900","0.000063900","172.17.0.2","142.251.40.33","17","75","eth:ethertype:ip:udp:data","33"
"118","May 24, 2022 22:40:30.549966700 PDT","0.230674000","0.023138100","172.17.0.2","172.217.14.86","17","76","eth:ethertype:ip:udp:data","34"
"119","May 24, 2022 22:40:30.550626800 PDT","0.231334100","0.000660100","142.251.40.33","172.17.0.2","17","67","eth:ethertype:ip:udp:data","25"
"120","May 24, 2022 22:40:30.553033300 PDT","0.233740600","0.002406500","172.17.0.2","142.251.40.33","17","75","eth:ethertype:ip:udp:data","33"
"121","May 24, 2022 22:40:30.585622300 PDT","0.266329600","0.032589000","172.17.0.2","142.250.72.238","17","958","eth:ethertype:ip:udp:data","916"
"122","May 24, 2022 22:40:30.587369600 PDT","0.268076900","0.001747300","172.17.0.2","142.250.72.238","17","309","eth:ethertype:ip:udp:data","267"
"123","May 24, 2022 22:40:30.588077700 PDT","0.268785000","0.000708100","172.217.14.86","172.17.0.2","17","68","eth:ethertype:ip:udp:data","26"
"124","May 24, 2022 22:40:30.597915300 PDT","0.278622600","0.009837600","142.251.40.33","172.17.0.2","17","67","eth:ethertype:ip:udp:data","25"
"125","May 24, 2022 22:40:30.607499300 PDT","0.288206600","0.009584000","142.250.72.238","172.17.0.2","17","72","eth:ethertype:ip:udp:data","30"
"126","May 24, 2022 22:40:30.608526000 PDT","0.289233300","0.001026700","142.250.72.238","172.17.0.2","17","68","eth:ethertype:ip:udp:data","26"
"127","May 24, 2022 22:40:30.608526900 PDT","0.289234200","0.000000900","142.250.72.238","172.17.0.2","17","68","eth:ethertype:ip:udp:data","26"
"128","May 24, 2022 22:40:30.612136800 PDT","0.292844100","0.003609900","172.17.0.2","142.250.72.238","17","75","eth:ethertype:ip:udp:data","33"
"129","May 24, 2022 22:40:30.632403500 PDT","0.313110800","0.020266700","142.250.72.238","172.17.0.2","17","84","eth:ethertype:ip:udp:data","42"
"130","May 24, 2022 22:40:30.632614700 PDT","0.313322000","0.000211200","172.17.0.2","142.250.72.238","17","79","eth:ethertype:ip:udp:data","37"
"131","May 24, 2022 22:40:30.634534700 PDT","0.315242000","0.001920000","142.250.72.238","172.17.0.2","17","68","eth:ethertype:ip:udp:data","26"
"132","May 24, 2022 22:40:30.639110200 PDT","0.319817500","0.004575500","142.250.72.238","172.17.0.2","17","84","eth:ethertype:ip:udp:data","42"
"133","May 24, 2022 22:40:30.639111100 PDT","0.319818400","0.000000900","142.250.72.238","172.17.0.2","17","68","eth:ethertype:ip:udp:data","26"
"134","May 24, 2022 22:40:30.639358300 PDT","0.320065600","0.000247200","172.17.0.2","142.250.72.238","17","79","eth:ethertype:ip:udp:data","37"
"135","May 24, 2022 22:40:30.644051500 PDT","0.324758800","0.004693200","172.17.0.2","142.250.72.238","17","75","eth:ethertype:ip:udp:data","33"
"136","May 24, 2022 22:40:30.653129100 PDT","0.333836400","0.009077600","172.17.0.2","74.125.170.56","6","66","eth:ethertype:ip:tcp",
"137","May 24, 2022 22:40:30.661907300 PDT","0.342614600","0.008778200","142.250.72.238","172.17.0.2","17","68","eth:ethertype:ip:udp:data","26"
"138","May 24, 2022 22:40:31.293158500 PDT","0.973865800","0.631251200","172.17.0.2","74.125.157.138","6","66","eth:ethertype:ip:tcp",
"139","May 24, 2022 22:40:32.400254700 PDT","2.080962000","1.107096200","172.17.0.2","142.250.72.238","17","701","eth:ethertype:ip:udp:data","659"
"140","May 24, 2022 22:40:32.416852600 PDT","2.097559900","0.016597900","142.250.72.238","172.17.0.2","17","72","eth:ethertype:ip:udp:data","30"
"141","May 24, 2022 22:40:32.417852400 PDT","2.098559700","0.000999800","172.17.0.2","142.250.72.238","17","914","eth:ethertype:ip:udp:data","872"
"142","May 24, 2022 22:40:32.433856600 PDT","2.114563900","0.016004200","142.250.72.238","172.17.0.2","17","72","eth:ethertype:ip:udp:data","30"
"143","May 24, 2022 22:40:32.438326900 PDT","2.119034200","0.004470300","172.17.0.2","142.250.72.238","17","75","eth:ethertype:ip:udp:data","33"
"144","May 24, 2022 22:40:32.444846000 PDT","2.125553300","0.006519100","142.250.72.238","172.17.0.2","17","116","eth:ethertype:ip:udp:data","74"
"145","May 24, 2022 22:40:32.445079200 PDT","2.125786500","0.000233200","172.17.0.2","142.250.72.238","17","79","eth:ethertype:ip:udp:data","37"
"146","May 24, 2022 22:40:32.445319800 PDT","2.126027100","0.000240600","142.250.72.238","172.17.0.2","17","68","eth:ethertype:ip:udp:data","26"
"147","May 24, 2022 22:40:32.450898700 PDT","2.131606000","0.005578900","172.17.0.2","142.250.72.238","17","75","eth:ethertype:ip:udp:data","33"
"148","May 24, 2022 22:40:32.462899400 PDT","2.143606700","0.012000700","142.250.72.238","172.17.0.2","17","141","eth:ethertype:ip:udp:data","99"
"149","May 24, 2022 22:40:32.463202500 PDT","2.143909800","0.000303100","172.17.0.2","142.250.72.238","17","79","eth:ethertype:ip:udp:data","37"
"150","May 24, 2022 22:40:32.465198400 PDT","2.145905700","0.001995900","142.250.72.238","172.17.0.2","17","68","eth:ethertype:ip:udp:data","26"
"151","May 24, 2022 22:40:32.470292500 PDT","2.150999800","0.005094100","172.17.0.2","142.250.72.238","17","75","eth:ethertype:ip:udp:data","33"
"152","May 24, 2022 22:40:32.484642000 PDT","2.165349300","0.014349500","142.250.72.238","172.17.0.2","17","68","eth:ethertype:ip:udp:data","26"
"153","May 24, 2022 22:40:34.348988800 PDT","4.029696100","1.864346800","172.17.0.2","142.250.72.238","17","647","eth:ethertype:ip:udp:data","605"
"154","May 24, 2022 22:40:34.364041700 PDT","4.044749000","0.015052900","142.250.72.238","172.17.0.2","17","72","eth:ethertype:ip:udp:data","30"
"155","May 24, 2022 22:40:34.368558500 PDT","4.049265800","0.004516800","172.17.0.2","142.250.72.238","17","75","eth:ethertype:ip:udp:data","33"
"156","May 24, 2022 22:40:34.391277300 PDT","4.071984600","0.022718800","142.250.72.238","172.17.0.2","17","121","eth:ethertype:ip:udp:data","79"
"157","May 24, 2022 22:40:34.391554500 PDT","4.072261800","0.000277200","172.17.0.2","142.250.72.238","17","79","eth:ethertype:ip:udp:data","37"
"158","May 24, 2022 22:40:34.392065700 PDT","4.072773000","0.000511200","142.250.72.238","172.17.0.2","17","68","eth:ethertype:ip:udp:data","26"
"159","May 24, 2022 22:40:34.397057600 PDT","4.077764900","0.004991900","172.17.0.2","142.250.72.238","17","75","eth:ethertype:ip:udp:data","33"
"160","May 24, 2022 22:40:34.399756500 PDT","4.080463800","0.002698900","172.17.0.2","142.250.72.238","17","756","eth:ethertype:ip:udp:data","714"
"161","May 24, 2022 22:40:34.413016300 PDT","4.093723600","0.013259800","142.250.72.238","172.17.0.2","17","68","eth:ethertype:ip:udp:data","26"
"162","May 24, 2022 22:40:34.419955700 PDT","4.100663000","0.006939400","142.250.72.238","172.17.0.2","17","72","eth:ethertype:ip:udp:data","30"
"163","May 24, 2022 22:40:34.424438100 PDT","4.105145400","0.004482400","172.17.0.2","142.250.72.238","17","75","eth:ethertype:ip:udp:data","33"
"164","May 24, 2022 22:40:34.446925400 PDT","4.127632700","0.022487300","142.250.72.238","172.17.0.2","17","92","eth:ethertype:ip:udp:data","50"
"165","May 24, 2022 22:40:34.446926400 PDT","4.127633700","0.000001000","142.250.72.238","172.17.0.2","17","68","eth:ethertype:ip:udp:data","26"
"166","May 24, 2022 22:40:34.447107600 PDT","4.127814900","0.000181200","172.17.0.2","142.250.72.238","17","79","eth:ethertype:ip:udp:data","37"
"167","May 24, 2022 22:40:34.451492800 PDT","4.132200100","0.004385200","172.17.0.2","142.250.72.238","17","75","eth:ethertype:ip:udp:data","33"
"168","May 24, 2022 22:40:34.479433000 PDT","4.160140300","0.027940200","142.250.72.238","172.17.0.2","17","68","eth:ethertype:ip:udp:data","26"
"169","May 24, 2022 22:40:35.135204700 PDT","4.815912000","0.655771700","172.17.0.2","142.250.72.238","17","1287","eth:ethertype:ip:udp:data","1245"
"170","May 24, 2022 22:40:35.135262000 PDT","4.815969300","0.000057300","172.17.0.2","142.250.72.238","17","1211","eth:ethertype:ip:udp:data","1169"
"171","May 24, 2022 22:40:35.167732400 PDT","4.848439700","0.032470400","142.250.72.238","172.17.0.2","17","72","eth:ethertype:ip:udp:data","30"
"172","May 24, 2022 22:40:35.167733400 PDT","4.848440700","0.000001000","142.250.72.238","172.17.0.2","17","68","eth:ethertype:ip:udp:data","26"
"173","May 24, 2022 22:40:35.172303100 PDT","4.853010400","0.004569700","172.17.0.2","142.250.72.238","17","75","eth:ethertype:ip:udp:data","33"
"174","May 24, 2022 22:40:35.238789200 PDT","4.919496500","0.066486100","142.250.72.238","172.17.0.2","17","122","eth:ethertype:ip:udp:data","80"
"175","May 24, 2022 22:40:35.239050200 PDT","4.919757500","0.000261000","172.17.0.2","142.250.72.238","17","81","eth:ethertype:ip:udp:data","39"
"176","May 24, 2022 22:40:35.255622500 PDT","4.936329800","0.016572300","142.250.72.238","172.17.0.2","17","71","eth:ethertype:ip:udp:data","29"
"177","May 24, 2022 22:40:35.260564400 PDT","4.941271700","0.004941900","172.17.0.2","142.250.72.238","17","75","eth:ethertype:ip:udp:data","33"
"178","May 24, 2022 22:40:35.517289800 PDT","5.197997100","0.256725400","172.17.0.2","142.250.72.238","17","1292","eth:ethertype:ip:udp:data","1250"
"179","May 24, 2022 22:40:35.517374000 PDT","5.198081300","0.000084200","172.17.0.2","142.250.72.238","17","490","eth:ethertype:ip:udp:data","448"
"180","May 24, 2022 22:40:35.517413100 PDT","5.198120400","0.000039100","172.17.0.2","142.250.72.238","17","107","eth:ethertype:ip:udp:data","65"
"181","May 24, 2022 22:40:35.540175700 PDT","5.220883000","0.022762600","142.250.72.238","172.17.0.2","17","67","eth:ethertype:ip:udp:data","25"
"182","May 24, 2022 22:40:35.541194500 PDT","5.221901800","0.001018800","142.250.72.238","172.17.0.2","17","72","eth:ethertype:ip:udp:data","30"
"183","May 24, 2022 22:40:35.545693400 PDT","5.226400700","0.004498900","172.17.0.2","142.250.72.238","17","75","eth:ethertype:ip:udp:data","33"
"184","May 24, 2022 22:40:35.585505100 PDT","5.266212400","0.039811700","142.250.72.238","172.17.0.2","17","134","eth:ethertype:ip:udp:data","92"
"185","May 24, 2022 22:40:35.585506000 PDT","5.266213300","0.000000900","142.250.72.238","172.17.0.2","17","68","eth:ethertype:ip:udp:data","26"
"186","May 24, 2022 22:40:35.585728000 PDT","5.266435300","0.000222000","172.17.0.2","142.250.72.238","17","79","eth:ethertype:ip:udp:data","37"
"187","May 24, 2022 22:40:35.590512800 PDT","5.271220100","0.004784800","172.17.0.2","142.250.72.238","17","75","eth:ethertype:ip:udp:data","33"
"188","May 24, 2022 22:40:35.615348100 PDT","5.296055400","0.024835300","142.250.72.238","172.17.0.2","17","68","eth:ethertype:ip:udp:data","26"
"189","May 24, 2022 22:40:37.932989300 PDT","7.613696600","2.317641200","172.17.0.2","74.125.170.56","6","66","eth:ethertype:ip:tcp",
"190","May 24, 2022 22:40:37.968580500 PDT","7.649287800","0.035591200","172.17.0.2","142.250.72.238","17","941","eth:ethertype:ip:udp:data","899"
"191","May 24, 2022 22:40:38.002222400 PDT","7.682929700","0.033641900","142.250.72.238","172.17.0.2","17","72","eth:ethertype:ip:udp:data","30"
"192","May 24, 2022 22:40:38.006594500 PDT","7.687301800","0.004372100","172.17.0.2","142.250.72.238","17","75","eth:ethertype:ip:udp:data","33"
"193","May 24, 2022 22:40:38.037924700 PDT","7.718632000","0.031330200","142.250.72.238","172.17.0.2","17","163","eth:ethertype:ip:udp:data","121"
"194","May 24, 2022 22:40:38.037925700 PDT","7.718633000","0.000001000","142.250.72.238","172.17.0.2","17","68","eth:ethertype:ip:udp:data","26"
"195","May 24, 2022 22:40:38.038154200 PDT","7.718861500","0.000228500","172.17.0.2","142.250.72.238","17","79","eth:ethertype:ip:udp:data","37"
"196","May 24, 2022 22:40:38.043039500 PDT","7.723746800","0.004885300","172.17.0.2","142.250.72.238","17","75","eth:ethertype:ip:udp:data","33"
"197","May 24, 2022 22:40:38.058445600 PDT","7.739152900","0.015406100","142.250.72.238","172.17.0.2","17","68","eth:ethertype:ip:udp:data","26"
"198","May 24, 2022 22:40:38.573148500 PDT","8.253855800","0.514702900","172.17.0.2","74.125.170.56","6","66","eth:ethertype:ip:tcp",
"199","May 24, 2022 22:40:39.697865200 PDT","9.378572500","1.124716700","172.17.0.2","142.250.72.238","17","1287","eth:ethertype:ip:udp:data","1245"
"200","May 24, 2022 22:40:39.697955600 PDT","9.378662900","0.000090400","172.17.0.2","142.250.72.238","17","1292","eth:ethertype:ip:udp:data","1250"
"201","May 24, 2022 22:40:39.697978100 PDT","9.378685400","0.000022500","172.17.0.2","142.250.72.238","17","1292","eth:ethertype:ip:udp:data","1250"
"202","May 24, 2022 22:40:39.697998600 PDT","9.378705900","0.000020500","172.17.0.2","142.250.72.238","17","1292","eth:ethertype:ip:udp:data","1250"
"203","May 24, 2022 22:40:39.698023300 PDT","9.378730600","0.000024700","172.17.0.2","142.250.72.238","17","1292","eth:ethertype:ip:udp:data","1250"
"204","May 24, 2022 22:40:39.698041100 PDT","9.378748400","0.000017800","172.17.0.2","142.250.72.238","17","1292","eth:ethertype:ip:udp:data","1250"
"205","May 24, 2022 22:40:39.698057800 PDT","9.378765100","0.000016700","172.17.0.2","142.250.72.238","17","1292","eth:ethertype:ip:udp:data","1250"
"206","May 24, 2022 22:40:39.698072700 PDT","9.378780000","0.000014900","172.17.0.2","142.250.72.238","17","1292","eth:ethertype:ip:udp:data","1250"
"207","May 24, 2022 22:40:39.698088400 PDT","9.378795700","0.000015700","172.17.0.2","142.250.72.238","17","1292","eth:ethertype:ip:udp:data","1250"
"208","May 24, 2022 22:40:39.698103700 PDT","9.378811000","0.000015300","172.17.0.2","142.250.72.238","17","1292","eth:ethertype:ip:udp:data","1250"
"209","May 24, 2022 22:40:39.698118700 PDT","9.378826000","0.000015000","172.17.0.2","142.250.72.238","17","1292","eth:ethertype:ip:udp:data","1250"
"210","May 24, 2022 22:40:39.698133900 PDT","9.378841200","0.000015200","172.17.0.2","142.250.72.238","17","1292","eth:ethertype:ip:udp:data","1250"
"211","May 24, 2022 22:40:39.698148900 PDT","9.378856200","0.000015000","172.17.0.2","142.250.72.238","17","1292","eth:ethertype:ip:udp:data","1250"
"212","May 24, 2022 22:40:39.698164000 PDT","9.378871300","0.000015100","172.17.0.2","142.250.72.238","17","1292","eth:ethertype:ip:udp:data","1250"
"213","May 24, 2022 22:40:39.698179600 PDT","9.378886900","0.000015600","172.17.0.2","142.250.72.238","17","1292","eth:ethertype:ip:udp:data","1250"
"214","May 24, 2022 22:40:39.698194800 PDT","9.378902100","0.000015200","172.17.0.2","142.250.72.238","17","1292","eth:ethertype:ip:udp:data","1250"
"215","May 24, 2022 22:40:39.700468900 PDT","9.381176200","0.002274100","172.17.0.2","142.250.72.238","17","1292","eth:ethertype:ip:udp:data","1250"
"216","May 24, 2022 22:40:39.700521700 PDT","9.381229000","0.000052800","172.17.0.2","142.250.72.238","17","1292","eth:ethertype:ip:udp:data","1250"
"217","May 24, 2022 22:40:39.700543900 PDT","9.381251200","0.000022200","172.17.0.2","142.250.72.238","17","1292","eth:ethertype:ip:udp:data","1250"
"218","May 24, 2022 22:40:39.700560300 PDT","9.381267600","0.000016400","172.17.0.2","142.250.72.238","17","1292","eth:ethertype:ip:udp:data","1250"
"219","May 24, 2022 22:40:39.700576700 PDT","9.381284000","0.000016400","172.17.0.2","142.250.72.238","17","1292","eth:ethertype:ip:udp:data","1250"
"220","May 24, 2022 22:40:39.700591900 PDT","9.381299200","0.000015200","172.17.0.2","142.250.72.238","17","1292","eth:ethertype:ip:udp:data","1250"
"221","May 24, 2022 22:40:39.700606700 PDT","9.381314000","0.000014800","172.17.0.2","142.250.72.238","17","1292","eth:ethertype:ip:udp:data","1250"
"222","May 24, 2022 22:40:39.700621800 PDT","9.381329100","0.000015100","172.17.0.2","142.250.72.238","17","1292","eth:ethertype:ip:udp:data","1250"
"223","May 24, 2022 22:40:39.700636500 PDT","9.381343800","0.000014700","172.17.0.2","142.250.72.238","17","1292","eth:ethertype:ip:udp:data","1250"
"224","May 24, 2022 22:40:39.700651500 PDT","9.381358800","0.000015000","172.17.0.2","142.250.72.238","17","1292","eth:ethertype:ip:udp:data","1250"
"225","May 24, 2022 22:40:39.700667000 PDT","9.381374300","0.000015500","172.17.0.2","142.250.72.238","17","1292","eth:ethertype:ip:udp:data","1250"
"226","May 24, 2022 22:40:39.700682100 PDT","9.381389400","0.000015100","172.17.0.2","142.250.72.238","17","1292","eth:ethertype:ip:udp:data","1250"
"227","May 24, 2022 22:40:39.702855500 PDT","9.383562800","0.002173400","172.17.0.2","142.250.72.238","17","1292","eth:ethertype:ip:udp:data","1250"
"228","May 24, 2022 22:40:39.702903800 PDT","9.383611100","0.000048300","172.17.0.2","142.250.72.238","17","1018","eth:ethertype:ip:udp:data","976"
"229","May 24, 2022 22:40:39.716652900 PDT","9.397360200","0.013749100","142.250.72.238","172.17.0.2","17","72","eth:ethertype:ip:udp:data","30"
"230","May 24, 2022 22:40:39.720768800 PDT","9.401476100","0.004115900","142.250.72.238","172.17.0.2","17","68","eth:ethertype:ip:udp:data","26"
"231","May 24, 2022 22:40:39.721001300 PDT","9.401708600","0.000232500","172.17.0.2","142.250.72.238","17","75","eth:ethertype:ip:udp:data","33"
"232","May 24, 2022 22:40:39.722859900 PDT","9.403567200","0.001858600","142.250.72.238","172.17.0.2","17","68","eth:ethertype:ip:udp:data","26"
"233","May 24, 2022 22:40:39.727866000 PDT","9.408573300","0.005006100","142.250.72.238","172.17.0.2","17","68","eth:ethertype:ip:udp:data","26"
"234","May 24, 2022 22:40:39.728396800 PDT","9.409104100","0.000530800","142.250.72.238","172.17.0.2","17","68","eth:ethertype:ip:udp:data","26"
"235","May 24, 2022 22:40:39.764486900 PDT","9.445194200","0.036090100","142.250.72.238","172.17.0.2","17","146","eth:ethertype:ip:udp:data","104"
"236","May 24, 2022 22:40:39.764487900 PDT","9.445195200","0.000001000","142.250.72.238","172.17.0.2","17","114","eth:ethertype:ip:udp:data","72"
"237","May 24, 2022 22:40:39.764706800 PDT","9.445414100","0.000218900","172.17.0.2","142.250.72.238","17","79","eth:ethertype:ip:udp:data","37"
"238","May 24, 2022 22:40:39.769027700 PDT","9.449735000","0.004320900","172.17.0.2","142.250.72.238","17","75","eth:ethertype:ip:udp:data","33"
"239","May 24, 2022 22:40:39.786999800 PDT","9.467707100","0.017972100","142.250.72.238","172.17.0.2","17","68","eth:ethertype:ip:udp:data","26"
"240","May 24, 2022 22:40:39.853144900 PDT","9.533852200","0.066145100","172.17.0.2","74.125.157.138","6","66","eth:ethertype:ip:tcp",
"241","May 24, 2022 22:40:40.590875100 PDT","10.271582400","0.737730200","172.17.0.2","172.20.176.1","17","84","eth:ethertype:ip:udp:dns",
"242","May 24, 2022 22:40:40.643842600 PDT","10.324549900","0.052967500","172.20.176.1","172.17.0.2","17","124","eth:ethertype:ip:udp:dns",
"243","May 24, 2022 22:40:40.644134200 PDT","10.324841500","0.000291600","172.17.0.2","172.217.14.66","6","74","eth:ethertype:ip:tcp",
"244","May 24, 2022 22:40:40.701879100 PDT","10.382586400","0.057744900","172.217.14.66","172.17.0.2","6","74","eth:ethertype:ip:tcp",
"245","May 24, 2022 22:40:40.701977100 PDT","10.382684400","0.000098000","172.17.0.2","172.217.14.66","6","66","eth:ethertype:ip:tcp",
"246","May 24, 2022 22:40:40.702224100 PDT","10.382931400","0.000247000","172.17.0.2","172.217.14.66","6","583","eth:ethertype:ip:tcp:tls",
"247","May 24, 2022 22:40:40.755185600 PDT","10.435892900","0.052961500","172.217.14.66","172.17.0.2","6","66","eth:ethertype:ip:tcp",
"248","May 24, 2022 22:40:40.755186500 PDT","10.435893800","0.000000900","172.217.14.66","172.17.0.2","6","66","eth:ethertype:ip:tcp",
"249","May 24, 2022 22:40:40.761433900 PDT","10.442141200","0.006247400","172.217.14.66","172.17.0.2","6","2902","eth:ethertype:ip:tcp:tls",
"250","May 24, 2022 22:40:40.761443500 PDT","10.442150800","0.000009600","172.17.0.2","172.217.14.66","6","66","eth:ethertype:ip:tcp",
"251","May 24, 2022 22:40:40.761435300 PDT","10.442142600","-0.000008200","172.217.14.66","172.17.0.2","6","1691","eth:ethertype:ip:tcp:tls",
"252","May 24, 2022 22:40:40.761475900 PDT","10.442183200","0.000040600","172.17.0.2","172.217.14.66","6","66","eth:ethertype:ip:tcp",
"253","May 24, 2022 22:40:40.764595100 PDT","10.445302400","0.003119200","172.17.0.2","172.217.14.66","6","140","eth:ethertype:ip:tcp:tls",
"254","May 24, 2022 22:40:40.764759600 PDT","10.445466900","0.000164500","172.17.0.2","172.217.14.66","6","158","eth:ethertype:ip:tcp:tls",
"255","May 24, 2022 22:40:40.764873600 PDT","10.445580900","0.000114000","172.17.0.2","172.217.14.66","6","2346","eth:ethertype:ip:tcp:tls",
"256","May 24, 2022 22:40:40.816476000 PDT","10.497183300","0.051602400","172.217.14.66","172.17.0.2","6","994","eth:ethertype:ip:tcp:tls",
"257","May 24, 2022 22:40:40.816491000 PDT","10.497198300","0.000015000","172.17.0.2","172.217.14.66","6","66","eth:ethertype:ip:tcp",
"258","May 24, 2022 22:40:40.816477100 PDT","10.497184400","-0.000013900","172.217.14.66","172.17.0.2","6","97","eth:ethertype:ip:tcp:tls",
"259","May 24, 2022 22:40:40.816537600 PDT","10.497244900","0.000060500","172.17.0.2","172.217.14.66","6","66","eth:ethertype:ip:tcp",
"260","May 24, 2022 22:40:40.816477700 PDT","10.497185000","-0.000059900","172.217.14.66","172.17.0.2","6","66","eth:ethertype:ip:tcp",
"261","May 24, 2022 22:40:40.816707800 PDT","10.497415100","0.000230100","172.17.0.2","172.217.14.66","6","97","eth:ethertype:ip:tcp:tls",
"262","May 24, 2022 22:40:40.826925700 PDT","10.507633000","0.010217900","172.217.14.66","172.17.0.2","6","488","eth:ethertype:ip:tcp:tls",
"263","May 24, 2022 22:40:40.826935500 PDT","10.507642800","0.000009800","172.17.0.2","172.217.14.66","6","66","eth:ethertype:ip:tcp",
"264","May 24, 2022 22:40:40.826926700 PDT","10.507634000","-0.000008800","172.217.14.66","172.17.0.2","6","97","eth:ethertype:ip:tcp:tls",
"265","May 24, 2022 22:40:40.826966100 PDT","10.507673400","0.000039400","172.17.0.2","172.217.14.66","6","66","eth:ethertype:ip:tcp",
"266","May 24, 2022 22:40:40.826927300 PDT","10.507634600","-0.000038800","172.217.14.66","172.17.0.2","6","105","eth:ethertype:ip:tcp:tls",
"267","May 24, 2022 22:40:40.826968300 PDT","10.507675600","0.000041000","172.17.0.2","172.217.14.66","6","66","eth:ethertype:ip:tcp",
"268","May 24, 2022 22:40:40.828540300 PDT","10.509247600","0.001572000","172.17.0.2","172.217.14.66","6","105","eth:ethertype:ip:tcp:tls",
"269","May 24, 2022 22:40:40.828572600 PDT","10.509279900","0.000032300","172.17.0.2","172.217.14.66","6","101","eth:ethertype:ip:tcp:tls",
"270","May 24, 2022 22:40:40.870794800 PDT","10.551502100","0.042222200","172.217.14.66","172.17.0.2","6","66","eth:ethertype:ip:tcp",
"271","May 24, 2022 22:40:40.884879500 PDT","10.565586800","0.014084700","172.217.14.66","172.17.0.2","6","66","eth:ethertype:ip:tcp",
"272","May 24, 2022 22:40:42.378117800 PDT","12.058825100","1.493238300","172.17.0.2","142.250.72.238","17","708","eth:ethertype:ip:udp:data","666"
"273","May 24, 2022 22:40:42.394488300 PDT","12.075195600","0.016370500","142.250.72.238","172.17.0.2","17","72","eth:ethertype:ip:udp:data","30"
"274","May 24, 2022 22:40:42.398923100 PDT","12.079630400","0.004434800","172.17.0.2","142.250.72.238","17","75","eth:ethertype:ip:udp:data","33"
"275","May 24, 2022 22:40:42.421258300 PDT","12.101965600","0.022335200","142.250.72.238","172.17.0.2","17","118","eth:ethertype:ip:udp:data","76"
"276","May 24, 2022 22:40:42.421519900 PDT","12.102227200","0.000261600","172.17.0.2","142.250.72.238","17","79","eth:ethertype:ip:udp:data","37"
"277","May 24, 2022 22:40:42.423310200 PDT","12.104017500","0.001790300","142.250.72.238","172.17.0.2","17","68","eth:ethertype:ip:udp:data","26"
"278","May 24, 2022 22:40:42.427577300 PDT","12.108284600","0.004267100","172.17.0.2","142.250.72.238","17","75","eth:ethertype:ip:udp:data","33"
"279","May 24, 2022 22:40:42.442563900 PDT","12.123271200","0.014986600","142.250.72.238","172.17.0.2","17","68","eth:ethertype:ip:udp:data","26"
"280","May 24, 2022 22:40:42.591593200 PDT","12.272300500","0.149029300","172.17.0.2","142.250.72.238","17","815","eth:ethertype:ip:udp:data","773"
"281","May 24, 2022 22:40:42.593340000 PDT","12.274047300","0.001746800","172.17.0.2","142.250.72.238","17","334","eth:ethertype:ip:udp:data","292"
"282","May 24, 2022 22:40:42.593795000 PDT","12.274502300","0.000455000","172.17.0.2","172.217.14.68","17","324","eth:ethertype:ip:udp:data","282"
"283","May 24, 2022 22:40:42.608125600 PDT","12.288832900","0.014330600","142.250.72.238","172.17.0.2","17","77","eth:ethertype:ip:udp:data","35"
"284","May 24, 2022 22:40:42.612571800 PDT","12.293279100","0.004446200","172.17.0.2","142.250.72.238","17","75","eth:ethertype:ip:udp:data","33"
"285","May 24, 2022 22:40:42.616414100 PDT","12.297121400","0.003842300","142.250.72.238","172.17.0.2","17","72","eth:ethertype:ip:udp:data","30"
"286","May 24, 2022 22:40:42.620935100 PDT","12.301642400","0.004521000","172.17.0.2","142.250.72.238","17","75","eth:ethertype:ip:udp:data","33"
"287","May 24, 2022 22:40:42.636341200 PDT","12.317048500","0.015406100","142.250.72.238","172.17.0.2","17","89","eth:ethertype:ip:udp:data","47"
"288","May 24, 2022 22:40:42.636342200 PDT","12.317049500","0.000001000","142.250.72.238","172.17.0.2","17","68","eth:ethertype:ip:udp:data","26"
"289","May 24, 2022 22:40:42.636590400 PDT","12.317297700","0.000248200","172.17.0.2","142.250.72.238","17","79","eth:ethertype:ip:udp:data","37"
"290","May 24, 2022 22:40:42.641331800 PDT","12.322039100","0.004741400","172.17.0.2","142.250.72.238","17","75","eth:ethertype:ip:udp:data","33"
"291","May 24, 2022 22:40:42.684577900 PDT","12.365285200","0.043246100","142.250.72.238","172.17.0.2","17","165","eth:ethertype:ip:udp:data","123"
"292","May 24, 2022 22:40:42.684820300 PDT","12.365527600","0.000242400","172.217.14.68","172.17.0.2","17","69","eth:ethertype:ip:udp:data","27"
"293","May 24, 2022 22:40:42.684826900 PDT","12.365534200","0.000006600","172.217.14.68","172.17.0.2","17","214","eth:ethertype:ip:udp:data","172"
"294","May 24, 2022 22:40:42.684861100 PDT","12.365568400","0.000034200","142.250.72.238","172.17.0.2","17","68","eth:ethertype:ip:udp:data","26"
"295","May 24, 2022 22:40:42.684861900 PDT","12.365569200","0.000000800","142.250.72.238","172.17.0.2","17","68","eth:ethertype:ip:udp:data","26"
"296","May 24, 2022 22:40:42.684871600 PDT","12.365578900","0.000009700","172.17.0.2","142.250.72.238","17","79","eth:ethertype:ip:udp:data","37"
"297","May 24, 2022 22:40:42.685053200 PDT","12.365760500","0.000181600","172.217.14.68","172.17.0.2","17","67","eth:ethertype:ip:udp:data","25"
"298","May 24, 2022 22:40:42.686251900 PDT","12.366959200","0.001198700","172.17.0.2","172.217.14.68","17","77","eth:ethertype:ip:udp:data","35"
"299","May 24, 2022 22:40:42.689468300 PDT","12.370175600","0.003216400","172.17.0.2","142.250.72.238","17","75","eth:ethertype:ip:udp:data","33"
"300","May 24, 2022 22:40:42.691764000 PDT","12.372471300","0.002295700","142.250.72.238","172.17.0.2","17","68","eth:ethertype:ip:udp:data","26"
"301","May 24, 2022 22:40:42.691879200 PDT","12.372586500","0.000115200","172.17.0.2","142.250.72.238","17","76","eth:ethertype:ip:udp:data","34"
"302","May 24, 2022 22:40:42.708143400 PDT","12.388850700","0.016264200","142.250.72.238","172.17.0.2","17","68","eth:ethertype:ip:udp:data","26"
"303","May 24, 2022 22:40:42.711649700 PDT","12.392357000","0.003506300","172.17.0.2","172.217.14.68","17","75","eth:ethertype:ip:udp:data","33"
"304","May 24, 2022 22:40:42.761595000 PDT","12.442302300","0.049945300","172.217.14.68","172.17.0.2","17","67","eth:ethertype:ip:udp:data","25"
